chr	start	end	strand	pvalue	qvalue	meth.diff
NC_037640.1	2104	38014	*	4.16061325166269e-06	0.0081810264446633	-4.89448546095939
NC_037653.1	168322	171808	*	8.46029660867164e-05	0.0831775342944676	-11.304347826087
