chr	start	end	strand	pvalue	qvalue	meth.diff
NW_020825136.1	15530	16030	*	7.15411706915276e-18	8.66139559267185e-14	6.11237980048551
NC_039513.1	3261116	3261616	*	1.43888319360276e-05	0.0871018494034544	1.27978962100879
