chr	start	end	strand	pvalue	qvalue	meth.diff
NC_015777.1	223542	224042	*	7.14451224469437e-06	0.0376465278542148	2.05485851208239
NC_015763.1	3807147	3807647	*	3.67066221116163e-05	0.0967089721754837	-0.980392156862745
