chr	start	end	strand	pvalue	qvalue	meth.diff
NW_004581693.1	2498001	2499001	*	4.08454040719474e-09	3.35143554267594e-05	30.7280604876391
NW_004581723.1	304157	305157	*	3.98102564456435e-07	0.00163324995120574	28.2781862745098
NW_004581692.1	859204	860204	*	3.03597991447824e-06	0.00830357884272611	-2.80438190335529
NW_004581691.1	1460481	1461481	*	8.27833652447855e-06	0.0169812931789703	21.5217391304348
NW_004582012.1	4466701	4467701	*	5.91371979713958e-05	0.0871050312424673	25.7142857142857
NW_004582024.1	3999305	4000305	*	6.36952163183917e-05	0.0871050312424673	-2.79898218829517
NW_004582034.1	2724186	2725186	*	7.46652700671036e-05	0.0875201946013697	-0.555431499913775
