chr	start	end	strand	pvalue	qvalue	meth.diff
chr7	7900500	7901000	*	5.25635473173827e-08	0.00187978001460747	-32.2268907563025
chr6	10449500	10450000	*	7.93056971294425e-08	0.00187978001460747	19.2302433688816
chr7	11162500	11163000	*	8.22709207959706e-08	0.00187978001460747	-31.768342041357
chr13	7578500	7579000	*	2.20666341908344e-07	0.00378144709639762	-37.9521016617791
Sc0000192	180000	180500	*	3.6347258054189e-07	0.00498291609830075	9.13636363636364
chr10	7822000	7822500	*	8.90013350998113e-07	0.0101678046979025	-5.79710144927536
chr5	21386000	21386500	*	1.21455353934975e-06	0.0118932500148022	19.8116134751773
chr1	28262000	28262500	*	2.95092844741794e-06	0.0252842814918295	34.2359537158535
chr5	10510500	10511000	*	3.51177662752996e-06	0.025480032759435	11.5920685615311
Sc0000209	221000	221500	*	3.71721822188496e-06	0.025480032759435	-23.4154929577465
xpSc0000636	24500	25000	*	5.43900848416498e-06	0.0330752489910849	28.1609195402299
chr2	14161000	14161500	*	5.79031837535687e-06	0.0330752489910849	30.5309734513274
xpSc0000572	150500	151000	*	6.51907791950157e-06	0.0343735782709491	-16.1585365853659
xpSc0000616	102000	102500	*	7.69376405499655e-06	0.0354513552312544	19.6685998342999
chr3	10923500	10924000	*	7.75786425984902e-06	0.0354513552312544	-5.15667850559727
chr9	16199000	16199500	*	1.01745521834326e-05	0.0426875660034036	27.1685761047463
chr2	29699500	29700000	*	1.05868897218321e-05	0.0426875660034036	-9.96691480562448
Sc0000015	17000	17500	*	1.34658912061666e-05	0.0511392611486245	14.8148148148148
Sc0000160	349000	349500	*	1.41750998070251e-05	0.0511392611486245	-20.5895787217596
chr3	5017000	5017500	*	1.76811761904007e-05	0.0580356970000245	15.3846153846154
xpSc0000535	39000	39500	*	1.77800334926824e-05	0.0580356970000245	-15.4502321825156
xpSc0000616	30000	30500	*	2.75496733027491e-05	0.0858372305168933	-9.4521249359959
chr5	18725000	18725500	*	3.20312804743288e-05	0.0934474354350075	-13.0549345257106
chr7	11014000	11014500	*	3.27187500644451e-05	0.0934474354350075	-9.05191347753744
xpSc0000656	8500	9000	*	3.5031831809686e-05	0.0960516352662431	-19.7463538363982
