chr	start	end	strand	pvalue	qvalue	meth.diff
chr7	7900000	7901000	*	5.25635473173827e-08	0.00246298569132937	-32.2268907563025
chr7	11162000	11163000	*	8.22709207959706e-08	0.00246298569132937	-31.768342041357
chr13	7578000	7579000	*	2.20666341908344e-07	0.00440413240725403	-37.9521016617791
chr1	28262000	28263000	*	4.39551154657271e-07	0.00657953134627603	30.9348739495798
chr10	7822000	7823000	*	8.90013350998113e-07	0.0106579098782024	-5.79710144927536
chr5	21386000	21387000	*	1.21455353934975e-06	0.0121202321947611	19.8116134751773
xfSc0000251	77000	78000	*	2.95307899296538e-06	0.0247298267817069	-16.504854368932
chr5	10510000	10511000	*	3.51177662752996e-06	0.0247298267817069	11.5920685615311
Sc0000209	221000	222000	*	3.71721822188496e-06	0.0247298267817069	-23.4154929577465
chr2	34584000	34585000	*	4.49560401534076e-06	0.0258400613779998	-6.52968972925195
Sc0000192	180000	181000	*	4.74723465817115e-06	0.0258400613779998	7.19127740994958
xpSc0000636	24000	25000	*	5.43900848416498e-06	0.0266688702095764	28.1609195402299
chr2	14161000	14162000	*	5.79031837535687e-06	0.0266688702095764	30.5309734513274
xpSc0000616	102000	103000	*	7.69376405499655e-06	0.0329045801994942	19.6685998342999
chr9	16199000	16200000	*	1.01745521834326e-05	0.0396181263809186	27.1685761047463
chr2	29699000	29700000	*	1.05868897218321e-05	0.0396181263809186	-9.96691480562448
Sc0000015	17000	18000	*	1.34658912061666e-05	0.0471518944969795	14.8148148148148
Sc0000160	349000	350000	*	1.41750998070251e-05	0.0471518944969795	-20.5895787217596
chr4	16077000	16078000	*	1.55167512243783e-05	0.0488981831347187	6.79078816248393
chr3	5017000	5018000	*	1.76811761904007e-05	0.0506942621606838	15.3846153846154
xpSc0000535	39000	40000	*	1.77800334926824e-05	0.0506942621606838	-15.4502321825156
xpSc0000656	8000	9000	*	2.6386164228442e-05	0.0717189864783523	-17.6257459505541
xpSc0000616	30000	31000	*	2.75496733027491e-05	0.0717189864783523	-9.4521249359959
chr3	4423000	4424000	*	2.99604422788573e-05	0.0747450617269409	-11.8968588400543
chr5	18725000	18726000	*	3.20312804743288e-05	0.0753475061580251	-13.0549345257106
chr7	11014000	11015000	*	3.27187500644451e-05	0.0753475061580251	-9.05191347753744
Sc0000209	219000	220000	*	3.42814205437673e-05	0.0760222242614101	9.353471118177
