chr	start	end	strand	pvalue	qvalue	meth.diff
chr5	10510745	10511745	*	1.72062345559199e-07	0.000794559579743513	12.753720963853
Sc0000209	220453	221453	*	3.71721822188496e-06	0.00837219067571966	-23.4154929577465
xpSc0000636	23844	24844	*	5.43900848416498e-06	0.00837219067571966	28.1609195402299
Sc0000209	219277	220277	*	1.64406933319609e-05	0.018980199215116	8.95340920143955
chr7	810543	811543	*	2.99475618662386e-05	0.0276587211379083	-3.57422267921407
chr5	26107992	26108992	*	8.91523581794757e-05	0.0627212930182338	18.9204255121475
chr14	16593760	16594760	*	9.50763309366272e-05	0.0627212930182338	31.4593301435407
chr8	2670703	2671703	*	0.000120398665567524	0.0694980014396135	-3.79746835443038
chr8	2001832	2002832	*	0.000161498123662791	0.0828639441062526	-10
