chr	start	end	strand	pvalue	qvalue	meth.diff
chr5	10510495	10510995	*	3.51177662752996e-06	0.00682806166101318	11.5920685615311
xpSc0000572	150319	150819	*	4.65636813713507e-06	0.00682806166101318	-17.8045322375219
xpSc0000636	24594	25094	*	5.43900848416498e-06	0.00682806166101318	28.1609195402299
xpSc0000616	101970	102470	*	7.69376405499655e-06	0.00724398971693299	19.6685998342999
chr11	1970665	1971165	*	7.96549503876243e-05	0.0599986833374257	6.29349817960674
xpSc0000616	66146	66646	*	0.00012622573127823	0.0756870109503053	11.0824151911492
xpSc0000522	494711	495211	*	0.000140676139435595	0.0756870109503053	-7.58546479988126
chr8	2002582	2003082	*	0.000161498123662791	0.0760285043026159	-10
